RouteNumber,lat,lon
29001.0,34.547685166666675,-86.78709877777777
210202.0,38.84005431111112,-75.64005442222222
210302.0,38.6224074,-75.42614812222223
210601.0,39.35351851111111,-75.65916666666666
210602.0,38.77227776666667,-75.2220185
210702.0,38.639537011111116,-75.27757403333334
210801.0,39.74957403333333,-75.6953148
210802.0,38.96461108888889,-75.40953701111111
210901.0,39.112077888888884,-75.56460233333333
210902.0,38.96042587777778,-75.50227773333332
211001.0,39.106851822222225,-75.56042588888889
211002.0,38.73459256666667,-75.68629626666666
211101.0,39.64799996666667,-75.68868514444445
211102.0,38.546370322222224,-75.54405551111111
211201.0,39.01598143333334,-75.45444441111113
211202.0,38.656611077777775,-75.68646292222222
211301.0,39.40392587777778,-75.65574071111112
211302.0,38.52394441111111,-75.63894441111111
211402.0,39.02147777777778,-75.47284444444443
250101.0,30.43826111111111,-87.34088233333334
250102.0,30.63398288888889,-86.75998833333333
250103.0,30.319151666666667,-85.74634244444445
250104.0,30.344692133333336,-84.37350925833333
250105.0,30.358364211111116,-83.29302469999999
250106.0,29.961552666666666,-82.143769
250107.0,30.143296666666668,-81.40500177777776
250108.0,29.95232435555556,-85.11533958888889
250109.0,30.006745111111115,-84.62721900000001
250110.0,29.52337511111111,-83.09376755555556
250111.0,28.997192333333334,-82.34583088888888
250114.0,28.32457966666667,-82.40782922222222
250115.0,28.260693666666665,-82.04314255555556
250117.0,27.045030855555556,-82.29462965555555
250118.0,27.11898788888889,-81.38572566666666
250121.0,26.23895062222222,-81.34395062222222
250122.0,26.254938266666663,-80.48506173333334
250202.0,30.82388851111111,-86.80353635555554
250203.0,30.352075222222215,-85.40281222222222
250204.0,30.57503088888889,-84.13403424444445
250205.0,30.613333322222225,-83.5596296222222
250206.0,29.920895066666667,-82.72083334444443
250207.0,30.22466044444444,-81.93622844444445
250210.0,29.69221966666667,-83.29399622222222
250211.0,29.225497333333333,-82.7000728888889
250214.0,28.472635799999995,-82.20820061111111
250215.0,28.11206792222222,-81.64151234444444
250218.0,27.308981499999998,-81.05669755555556
250219.0,27.30669611111111,-80.53384266666666
250221.0,25.95546296666667,-81.26246913333334
250222.0,26.342129622222224,-80.25283952222222
250302.0,30.44589506666667,-86.0418827111111
250303.0,30.645617288888886,-85.58398147777777
250304.0,30.61709877777778,-83.96237655555555
250306.0,30.1646605,-82.76317902222223
250311.0,29.59960211111111,-82.10196422222221
250312.0,29.627617888888885,-81.84714622222222
250314.0,28.70885211111111,-82.55280622222222
250316.0,28.503618333333332,-80.68287722222222
250321.0,26.82037355555556,-81.25375755555554
250402.0,30.85889333333333,-86.8554011111111
250403.0,30.45432097777778,-85.86117285555555
250406.0,30.33998916,-82.59173528000001
250411.0,29.64259611111111,-82.0214878888889
250414.0,28.984799333333335,-82.63658533333334
250418.0,27.86854936666667,-82.07555554444444
250421.0,26.946462555555556,-81.84759433333335
250511.0,29.269540222222222,-83.01935688888888
250515.0,28.668611111111108,-81.92932098888888
250519.0,27.775762111111113,-80.92695055555555
250522.0,26.753711666666668,-81.06279011111111
250524.0,25.756388891666663,-80.90986110000001
250603.0,30.68216048888889,-85.83651234444443
250614.0,28.474692599999994,-82.27536943333332
270102.0,34.17286444444444,-84.43983333333334
270103.0,34.231947777777776,-83.63928555555555
270105.0,33.13391777777778,-84.84262222222222
270106.0,33.168187777777774,-84.91108444444447
270107.0,33.278932100000006,-66.645262
270110.0,32.15414444444444,-84.89631222222222
270111.0,32.27016444444444,-84.4105911111111
270112.0,32.16129333333333,-83.54737333333334
270114.0,32.26251155555556,-81.26597922222221
270116.0,31.744819999999997,-85.0473311111111
270117.0,31.055833333333332,-84.72132714444444
270118.0,31.013143333333332,-83.62723666666665
270120.0,31.33393222222222,-81.90009
270123.0,30.871450633333332,-84.88429012222223
270124.0,30.79968888888889,-83.93658888888889
270125.0,30.841395555555557,-81.94068555555555
270201.0,34.954975555555556,-85.0182911111111
270202.0,34.25645555555556,-84.69442222222223
270203.0,34.32375,-83.29059444444444
270205.0,33.76220444444445,-85.10246077777778
270206.0,33.27616444444445,-84.69569555555556
270207.0,33.36553000000001,-83.61644666666666
270208.0,33.63523777777778,-82.95005222222223
270211.0,32.47490777777778,-84.61202888888889
270212.0,32.44043333333334,-84.05191111111111
270213.0,32.79676444444445,-83.0322388888889
270217.0,31.582544444444448,-84.99214666666666
270218.0,31.14591111111111,-83.80542222222222
270219.0,31.39054888888889,-82.74836666666667
270220.0,30.978684444444443,-81.72612555555554
270223.0,30.91638891111111,-84.87111111111113
270224.0,30.829333333333334,-83.46248555555556
270302.0,34.54014555555555,-84.81938666666666
270303.0,34.526852222222224,-84.02475222222222
270305.0,34.09545,-85.0716111111111
270306.0,33.371188888888895,-84.06744666666665
270307.0,33.39548444444445,-83.35076666666667
270308.0,33.250416666666666,-81.90558666666668
270313.0,32.76017555555555,-82.34877111111112
270317.0,31.5672943,-84.48189082222223
270323.0,30.826233333333334,-84.70337777777779
270324.0,30.918945555555556,-83.18604444444445
270402.0,34.72374222222222,-84.77749
270403.0,34.944771111111116,-83.77547555555556
270406.0,33.166826666666665,-84.96951777777777
270407.0,33.417226666666664,-83.13800444444445
270408.0,33.89167777777777,-82.69543333333334
270411.0,32.74061222222221,-84.13385555555556
270412.0,32.42845,-83.39366111111111
270413.0,32.825405555555555,-82.2636911111111
270417.0,31.699951855555558,-84.50930618888889
270419.0,31.78450555555556,-82.74815555555557
270420.0,31.878423333333338,-81.26420555555555
270502.0,34.93576222222222,-84.25118777777779
270506.0,33.466792222222224,-84.80608444444447
270507.0,33.46414444444444,-83.02808888888889
270511.0,32.967811111111104,-84.09620000000001
270519.0,31.748947777777776,-82.2053088888889
270520.0,32.07216777777777,-81.8654088888889
270720.0,31.422405555555557,-81.27670111111111
350102.0,40.970370377777776,-86.61666666666666
350103.0,41.04257333333334,-85.71893666666666
350105.0,40.33821688888889,-87.33733711111111
350107.0,40.37425888888888,-85.38866999999999
350110.0,39.51490444444444,-86.5355311111111
350112.0,39.11077222222222,-84.89295777777778
350114.0,38.05026755555556,-87.80557122222223
350115.0,37.99665225263158,-86.56715877894737
350116.0,38.422427899999995,-85.82667719999999
350119.0,38.021782222222214,-86.67707222222222
350202.0,41.17198888888889,-86.30747888888887
350205.0,40.63011777777778,-87.42880444444444
350206.0,40.05208155555556,-86.75601755555556
350207.0,40.67375937777777,-85.06613296666667
350209.0,39.601774444444445,-87.41301222222222
350210.0,39.58996333333334,-86.38051000000002
350211.0,39.41672221,-85.80408334
350212.0,39.26486222222223,-84.94473444444445
350214.0,38.142571555555556,-87.29993677777776
350215.0,38.12536444444444,-86.64670111111111
350216.0,38.64499288999999,-85.55620444000002
350218.0,37.97591800000001,-87.32410466666666
350301.0,41.529268888888886,-87.01278222222223
350302.0,41.21695666666667,-86.6408211111111
350303.0,41.283085,-85.47255455555555
350306.0,40.65292777777777,-86.35888222222223
350307.0,40.74229822222222,-85.23170222222222
350309.0,39.64299777777777,-87.19614333333334
350310.0,39.435689999999994,-86.2087388888889
350311.0,39.585775144444455,-85.08300065555555
350312.0,39.24705888888889,-85.18506777777777
350315.0,38.26387777777778,-86.01503333333334
350316.0,38.652375,-85.67111187500001
350401.0,41.39536021052631,-87.38017957894738
350402.0,41.31662822222222,-86.39294455555557
350403.0,41.59355588888889,-85.75071966666665
350406.0,40.57857486666667,-86.90341805555555
350407.0,40.95453539999999,-85.59386779999998
350409.0,38.98643777777777,-87.16535222222221
350411.0,39.73202972,-85.72314772
350414.0,38.67330888888889,-87.08373
350415.0,38.629444444444445,-86.83090888888889
350416.0,38.77670631578947,-85.66941105263159
350502.0,41.55074362222223,-86.77578587777778
350503.0,41.61347711111111,-85.28057188888889
350506.0,40.88269777777778,-87.05112555555554
350507.0,41.019545555555545,-85.41637044444445
350509.0,39.239805221428576,-87.18055057142855
350510.0,40.10623711111111,-86.15008444444443
350511.0,39.92774533000001,-85.67224388999999
350515.0,38.82321369230769,-86.29343915384614
350602.0,41.30394777777778,-86.38967666666666
350603.0,41.029004444444446,-85.18529333333333
350606.0,40.198571111111114,-86.32908
350607.0,40.99128622222222,-85.4510381111111
350610.0,40.096311111111106,-86.07792333333333
350611.0,39.31476964705882,-85.46628394117647
350614.0,38.31740256923078,-87.76719743846152
350703.0,41.33684744444444,-85.59177966666668
350706.0,40.11892824736842,-86.37382257894737
350710.0,39.912183899999995,-86.77417691538461
350711.0,39.49445555555556,-85.06000333333333
350714.0,38.36732354444445,-87.29762887777777
350814.0,38.362961444444444,-87.42207844444444
350914.0,38.36659608888889,-87.20249545555556
360101.0,43.09289444444445,-95.98565222222223
360103.0,43.15237777777778,-94.89100333333334
360104.0,43.41527250000001,-93.37526558333333
360106.0,43.23997888888889,-91.98794111111111
360107.0,42.43988444444445,-96.10869222222225
360109.0,42.39967444444445,-95.08354
360110.0,42.03243888888889,-93.40557111111112
360111.0,42.78704444444444,-92.18126666666667
360113.0,42.55164,-90.89003222222222
360114.0,41.60737666666667,-95.96627333333333
360115.0,41.48742909090909,-95.81464636363636
360117.0,41.81399777777777,-93.91154666666665
360118.0,41.15287222222222,-92.46990666666667
360119.0,41.07035888888889,-92.07052
360120.0,42.021455555555555,-90.59167777777778
360123.0,40.99831181818182,-93.31788363636365
360124.0,41.01136666666667,-92.40852111111113
360125.0,40.63676555555556,-91.63148777777776
360201.0,43.14255555555556,-96.3369
360203.0,43.226133000000004,-94.00979777777776
360204.0,43.41864566666667,-93.767854
360208.0,42.48684444444445,-95.84585333333334
360209.0,42.12521666666667,-94.69707333333334
360210.0,42.12631852222223,-93.16254258888888
360211.0,42.33706481111112,-92.70271111111111
360212.0,42.49556888888888,-91.20864555555555
360213.0,42.159679999999994,-90.63999000000001
360216.0,42.00897888888889,-94.40752333333334
360217.0,41.245083,-93.21461000000001
360218.0,41.494007777777774,-92.96112
360219.0,41.42700444444445,-91.81779666666667
360223.0,40.84615333333333,-93.26464222222222
360225.0,40.76844777777777,-91.2970288888889
360304.0,43.05905555555555,-93.86502622222223
360308.0,42.834992222222226,-95.45311777777778
360309.0,42.166080255555556,-94.27416665555555
360310.0,42.86499888888889,-93.14647333333333
360311.0,42.71003333333333,-92.13145555555555
360313.0,42.05542222222223,-90.79242222222223
360315.0,41.275146666666664,-95.63845555555557
360316.0,41.603971111111115,-94.18089666666668
360317.0,41.53029888888889,-93.22464111111111
360319.0,41.34193888888889,-91.9629288888889
360409.0,42.84923777777778,-94.56385222222222
360412.0,42.85283444444445,-91.75944333333332
360416.0,41.53556991666667,-94.39881425000003
360417.0,41.434313333333336,-93.80420222222222
360419.0,41.3923211111111,-91.54794
360423.0,40.96703888888889,-93.56795333333334
360502.0,43.09378666666666,-95.11610666666667
360508.0,42.69358333333334,-95.19796777777778
360510.0,42.59402296666667,-93.16897253333333
360511.0,42.51410555555557,-92.20304666666667
360512.0,42.68171333333334,-91.52174222222223
360516.0,41.85394628888889,-94.22727777777777
360517.0,41.73863222222222,-93.19286111111109
360519.0,41.12722111111111,-91.22992333333333
360523.0,40.85696000000001,-93.40052444444444
360612.0,42.21695741111111,-91.48786111111112
390103.0,38.64606665555556,-85.40272592222222
390111.0,37.38109922222222,-86.09088844444445
390113.0,37.117788888888896,-83.49192222222223
390122.0,36.77824477777778,-83.83074433333334
420102.0,32.247144444444444,-93.11114444444443
420104.0,32.405100000000004,-91.3448
420106.0,31.021174666666663,-93.22509355555556
420109.0,30.297097666666666,-93.60690477777779
420110.0,30.316544333333336,-92.2739958888889
420111.0,29.838171777777777,-92.98202766666667
420115.0,29.838171777777777,-92.98202766666667
420116.0,29.715596888888893,-90.94295522222222
420202.0,32.516666666666666,-93.18466666666666
420204.0,32.766801,-91.72828244444445
420207.0,31.177566666666664,-92.68601111111111
420209.0,30.25036944444444,-93.08326311111111
420210.0,30.2562694,-92.1286054
420211.0,30.841911111111113,-91.08066666666667
420212.0,30.101560222222222,-90.683258
420215.0,29.71365711111111,-92.79180688888889
420302.0,32.824311111111115,-93.35776666666668
420309.0,30.760296999999998,-93.57530200000002
420310.0,30.488377777777778,-92.10827777777777
420311.0,30.261505888888887,-91.45443022222221
420312.0,30.598711555555553,-90.36803577777778
420314.0,29.868155444444444,-93.57029677777777
420315.0,29.654466666666664,-92.57142222222222
420316.0,29.974408555555556,-91.25704333333333
420404.0,32.54566344444444,-91.97744411111111
420409.0,30.331493444444448,-93.03344377777778
420410.0,30.245211111111114,-92.49862222222222
420411.0,29.951350444444447,-91.919394
420412.0,30.959911111111108,-90.80136666666665
420502.0,32.37596666666667,-93.46677777777778
420504.0,32.611386555555555,-91.35719088888888
420507.0,31.83102222222222,-92.07124944444445
420509.0,30.48682577777778,-93.47477477777777
420510.0,30.13392755555556,-92.68089133333334
420511.0,30.777528777777782,-91.9887391111111
420512.0,30.527866666666664,-90.01524444444445
420515.0,29.70478888888889,-92.83163333333333
420518.0,29.872062222222226,-89.86450866666667
440102.0,46.87663233333333,-68.65172222222222
440104.0,46.15530455555555,-69.44763788888889
440105.0,46.729810777777786,-68.12632022222222
440108.0,45.085044333333336,-70.78208088888888
440109.0,45.12485355555555,-69.2547248888889
440110.0,44.948663555555555,-68.59626333333334
440113.0,44.03135122222222,-70.60248644444444
440114.0,44.84709833333333,-69.89730666666668
440115.0,44.41755900000001,-68.02401555555555
440118.0,43.25374233333334,-70.66472066666667
440204.0,46.04621544444444,-69.54897088888889
440205.0,46.44327788888889,-68.02740777777778
440206.0,46.44856733333333,-67.81208266666667
440208.0,45.817866666666674,-70.27644444444445
440209.0,45.2773,-69.17852222222221
440210.0,45.02988888888889,-68.53222222222222
440213.0,44.211882583333335,-70.16560625
440214.0,44.30006666666666,-69.21822222222222
440215.0,44.742799999999995,-68.73571111111112
440218.0,43.668277555555555,-70.82822233333333
440301.0,46.96832222222221,-69.17143333333334
440305.0,46.13695555555555,-68.74397777777777
440306.0,46.35519577777777,-67.91337077777779
440309.0,45.45702066666666,-69.18334333333333
440313.0,44.4143671111111,-70.8794168888889
440314.0,44.919755555555554,-69.03378888888889
440315.0,44.584166666666675,-69.0239888888889
440404.0,46.621944444444445,-69.09627777777779
440405.0,46.12414822222222,-68.27680844444444
440409.0,45.17544677777778,-69.457626
440410.0,45.39644444444444,-68.11988888888888
440413.0,44.12178888888889,-70.8903
440414.0,44.37583111111111,-69.65874288888888
440415.0,44.36300000000001,-68.77256666666666
440416.0,44.67701111111111,-67.95786666666667
440418.0,43.51913333333333,-70.56665555555554
440504.0,46.6286,-69.5463
440505.0,46.08349100000001,-68.42197077777777
440508.0,45.904877777777784,-70.07534444444445
440509.0,45.356033333333336,-69.40821111111111
440510.0,44.987193,-68.402729
440513.0,44.40048888888889,-70.49216666666666
440514.0,44.06453855555556,-69.29583833333332
440515.0,44.520811111111115,-68.29693333333334
440516.0,44.64973916666667,-67.54320258333334
440604.0,46.18285742222223,-69.3764074
440613.0,44.30057777777777,-70.76398888888889
440614.0,44.68383333333333,-69.09242222222223
440615.0,44.269895142857145,-69.61433935714285
440616.0,44.88715186666668,-67.65617513333335
440618.0,43.47185555555555,-70.8631888888889
440619.0,43.80512222222222,-69.81732222222223
440713.0,44.41527,-70.32191122222223
440714.0,43.99068877777778,-69.710216
440715.0,44.62058888888888,-67.92935555555556
440718.0,43.78222222222222,-70.60503333333332
440813.0,44.552455555555554,-70.8615222222222
440814.0,44.19574444444444,-69.1878111111111
440815.0,44.83375555555555,-68.21440000000001
440818.0,43.679588888888894,-70.85279999999999
440914.0,44.54532566666666,-68.69612422222222
460104.0,39.64093777777778,-76.32753111111111
460107.0,38.76237444444445,-76.61636888888887
460108.0,38.082675555555554,-75.52858555555557
460203.0,39.68666777777778,-77.43583777777778
460205.0,39.54791111111111,-75.91752888888888
460304.0,39.53098444444444,-76.30495555555555
460307.0,38.51612444444444,-76.11297
460405.0,39.397843333333334,-75.9139111111111
460407.0,38.823185,-76.109839
460501.0,39.55396888888889,-79.22808333333334
460503.0,39.50315545454546,-77.65279818181817
460504.0,39.06287444444445,-76.61134
460505.0,39.09524888888889,-76.04096111111112
460508.0,38.279140000000005,-75.30716000000001
460601.0,39.625371111111114,-79.09701888888888
460602.0,39.684708888888885,-78.62898444444446
460603.0,39.256069999999994,-77.43415727272728
460604.0,39.44937888888889,-76.44054777777778
460605.0,39.29000444444445,-75.84048222222224
460607.0,38.44226777777777,-76.10683333333333
460608.0,38.68966555555556,-75.84553777777778
460703.0,39.24429,-77.08785222222222
460704.0,39.560536666666664,-76.89576111111111
460706.0,38.681340000000006,-76.81197444444444
460707.0,38.99695,-76.74453777777778
460708.0,38.40533222222222,-75.75812333333334
460803.0,39.46746111111112,-77.09996444444442
460804.0,39.358810000000005,-76.96062666666666
460907.0,38.446464444444445,-76.7988511111111
461004.0,39.06091777777778,-76.22556333333333
461007.0,38.12316777777778,-76.37881444444444
461103.0,39.50552233333333,-77.30282199999999
470102.0,42.423016999999994,-72.3474638888889
470103.0,42.05611111111111,-71.10633333333332
470201.0,42.222102166666666,-73.3738135
470204.0,42.63267966666667,-70.86538344444445
470302.0,42.55081111111111,-72.30778444444444
470306.0,41.65852811111112,-70.42653766666666
470401.0,42.421699999999994,-73.08200000000001
470402.0,42.657924888888886,-73.04743744444444
470403.0,42.30548888888889,-71.6988111111111
470406.0,41.72696444444445,-70.44501944444444
470503.0,42.17577777777777,-71.27267777777777
470603.0,42.520388888888895,-71.07584444444446
470604.0,42.72162588888889,-70.91054951111111
470703.0,42.648988888888894,-71.35574444444444
470802.0,42.351300333333334,-72.2043881111111
470803.0,42.64436666666668,-71.48008888888889
470902.0,42.235866666666666,-72.45918888888889
470903.0,42.32253333333333,-71.91215555555556
471003.0,42.62844444444445,-71.30977777777778
500104.0,48.04987766666667,-96.51069966666667
500106.0,48.64958855555556,-94.62311222222223
500107.0,48.29480022222223,-93.46129933333333
500109.0,47.91644455555556,-91.88294388888889
500111.0,47.96082222222222,-89.726188
500113.0,47.719966444444445,-96.292633
500114.0,47.07843333333334,-95.89892233333335
500116.0,46.95805577777778,-93.79127766666666
500117.0,47.158621333333336,-92.3324441111111
500118.0,47.613810888888885,-90.9714218888889
500119.0,47.83353477777777,-90.24166699999999
500120.0,47.04646744444444,-96.05181111111114
500121.0,46.336589111111124,-95.59639977777778
500122.0,46.50767788888888,-94.66573433333332
500123.0,46.33585588888889,-93.3858448888889
500124.0,46.07097833333333,-92.61501233333334
500126.0,45.56457766666667,-96.15147733333333
500127.0,45.489455444444445,-95.167022
500128.0,45.36584488888889,-94.52886711111108
500129.0,45.56443355555555,-93.68681077777778
500130.0,45.101189,-92.83094366666667
500131.0,44.4632,-96.24237777777779
500132.0,44.79423355555556,-95.28125622222221
500133.0,44.799745,-94.00724455555554
500134.0,44.14957722222222,-93.47119988888888
500135.0,44.41237811111111,-92.91104455555558
500138.0,43.60048833333333,-95.10861044444444
500140.0,43.91391055555555,-93.93905544444445
500141.0,43.613300333333335,-93.09365777777776
500173.0,47.441411111111115,-92.03337777777777
500180.0,44.85843266666666,-93.19205566666666
500185.0,45.77923366666667,-96.06374444444444
500191.0,45.01604422222223,-93.611145
500194.0,47.39447744444444,-94.70021066666668
500195.0,46.135166222222225,-94.41097766666668
500196.0,45.182722333333324,-93.28869966666666
500197.0,47.54853355555555,-94.602411
500204.0,48.50162211111112,-95.91161088888889
500205.0,48.20815588888889,-96.01862166666668
500208.0,48.19363355555556,-92.74750011111111
500209.0,47.957896520000006,-91.52062655
500214.0,47.63581155555555,-95.47248855555557
500215.0,47.27785544444444,-94.04391066666666
500216.0,47.201611111111106,-93.15857955555558
500217.0,47.810599888888895,-92.79438966666665
500218.0,47.48905522222221,-92.00537800000001
500219.0,47.82081077777778,-90.17135611111111
500221.0,46.062355444444435,-95.9255108888889
500222.0,46.18261133333333,-94.79173288888889
500223.0,46.53876666666667,-94.0645108888889
500224.0,46.85386611111111,-92.37163266666668
500226.0,45.46815622222223,-96.39376677777777
500227.0,45.09002222222224,-95.35962177777776
500228.0,45.08324444444444,-94.55223333333333
500229.0,45.538381909090916,-93.60040945454547
500230.0,45.25285544444445,-92.95216611111113
500232.0,44.17057755555556,-95.19140022222223
500233.0,44.622599666666666,-94.66593422222223
500234.0,44.301089000000005,-93.45232222222222
500235.0,44.402622666666666,-92.76276644444445
500238.0,43.77026711111111,-95.33843488888888
500239.0,43.878607461538465,-95.01178446153845
500240.0,43.897666666666666,-93.22948877777777
500241.0,43.79165555555555,-93.32819966666665
500242.0,43.668954888888884,-91.576188
500271.0,48.333688555555554,-95.93144466666666
500273.0,47.76363333333333,-91.37611222222223
500280.0,45.221333,-92.7782111111111
500291.0,44.88313388888889,-93.68333344444446
500295.0,46.279421444444445,-94.41646833333333
500297.0,46.94952211111111,-92.19332122222221
500304.0,48.35381088888889,-96.56379011111112
500305.0,48.58089999999999,-95.48498955555554
500306.0,48.67651055555555,-94.59586766666668
500307.0,48.40503255555556,-93.70664388888889
500314.0,47.865021999999996,-95.6371002222222
500315.0,47.0580201,-94.23651
500316.0,47.71308855555556,-93.65320066666668
500317.0,47.45346666666667,-92.81926644444445
500319.0,47.86517855555556,-90.32783433333334
500320.0,46.97611111111111,-96.63514466666669
500321.0,46.6883402,-95.6829204
500322.0,46.719710444444445,-94.3080011111111
500323.0,46.56386666666666,-93.47252222222222
500324.0,46.96050066666666,-92.52254422222221
500326.0,45.314877333333335,-96.23169022222223
500327.0,45.36096655555555,-95.15874488888888
500328.0,45.457544222222225,-94.89712266666668
500329.0,45.13242266666666,-93.195331
500330.0,45.878300222222215,-93.0169341111111
500332.0,45.07502222222223,-95.05101111111111
500333.0,44.756187777777775,-95.0965218888889
500334.0,44.06222211111111,-93.70142188888889
500335.0,44.36864488888888,-92.24567677777776
500336.0,44.13144554545455,-91.82610918181818
500337.0,43.61361166666667,-96.03095588888888
500339.0,43.91865544444445,-94.32504444444446
500340.0,43.93934555555555,-93.2876221111111
500341.0,43.76308866666667,-92.60067833333332
500342.0,43.77712233333333,-91.84473244444445
500371.0,45.474199999999996,-93.67963155555556
500373.0,47.62142244444445,-91.26673222222222
500380.0,45.53355566666667,-92.75654411111113
500391.0,45.185111444444445,-93.63819855555556
500395.0,44.78033322222222,-93.142111
500402.0,49.318222444444444,-95.07099922222221
500404.0,48.166422555555556,-96.037411
500405.0,48.718677888888884,-95.33649944444443
500408.0,48.018278333333335,-92.87117766666667
500411.0,47.92134433333334,-89.81497877777775
500413.0,47.43103277777779,-96.8044662222222
500414.0,47.652256111111114,-95.83435566666668
500415.0,47.67224455555555,-94.35035511111111
500416.0,47.1712599,-93.43014059999999
500417.0,47.70607811111111,-92.52434366666667
500418.0,47.099467,-91.73453344444445
500419.0,48.06369118181818,-90.5779999090909
500420.0,46.42195522222222,-96.25566777777777
500421.0,46.24396644444445,-95.38366611111111
500422.0,45.97071077777778,-94.06118866666667
500423.0,46.61375544444444,-93.31147855555557
500424.0,46.54108933333333,-92.80973300000001
500426.0,45.39848833333333,-96.307679
500427.0,46.028155777777776,-95.11254466666668
500428.0,45.45064411111111,-94.89649966666667
500429.0,45.21055555555556,-93.48115622222222
500430.0,45.099021888888885,-92.86421022222221
500432.0,44.43581066666667,-95.383577
500433.0,44.588322555555564,-94.22896755555558
500434.0,44.45027788888889,-93.20192222222222
500435.0,44.52728888888889,-93.14165488888891
500439.0,43.777111555555564,-94.67511066666667
500441.0,43.59472222222222,-92.19750033333334
500442.0,43.5369335,-91.67335000000001
500471.0,47.65758844444444,-96.10395555555557
500473.0,47.563910444444446,-94.28439088888891
500493.0,45.09693,-93.1600598
500495.0,44.54626622222222,-93.19221166666667
500504.0,48.94076666666667,-96.81047822222222
500505.0,48.49065544444445,-95.36635477777779
500506.0,48.45934477777778,-94.23716755555556
500508.0,48.15608822222222,-92.45588933333335
500513.0,47.96345544444445,-96.51918955555556
500514.0,47.95144388888889,-95.579968
500515.0,47.4882506,-94.78698929999999
500517.0,47.4303999,-92.0285302
500518.0,47.78847766666666,-91.07286488888889
500519.0,48.03887811111111,-90.40159944444446
500520.0,45.91981166666666,-96.02688844444445
500521.0,46.93250088888888,-95.95600033333334
500522.0,46.78575599999999,-94.332044
500523.0,46.40874488888889,-93.047599
500524.0,46.30057766666667,-92.913645
500527.0,45.290411111111105,-95.31654455555555
500528.0,45.062150100000004,-94.0162102
500529.0,45.3297303,-93.2917909
500530.0,45.52398888888889,-92.88927711111111
500531.0,44.773667222222215,-95.87183288888889
500532.0,44.323144666666664,-95.24707777777778
500533.0,44.32734466666667,-94.79646555555557
500534.0,44.63335633333334,-93.51923277777779
500535.0,44.14587822222222,-92.79862211111111
500539.0,43.74982233333333,-94.82176644444445
500541.0,43.75849958333333,-92.00535
500542.0,43.78293053846154,-91.46648553846155
500571.0,46.96824477777777,-95.62873266666666
500573.0,47.62894444444445,-91.44211155555557
500591.0,44.83637811111111,-93.3748218888889
500593.0,45.047989333333334,-93.149023
500595.0,44.94152188888889,-93.7384778888889
500615.0,47.63258911111111,-94.781856
500616.0,46.74732211111112,-92.62313333333333
500621.0,46.20683333333332,-95.74890155555556
500622.0,46.67948911111111,-94.05047777777777
500623.0,46.535567,-93.35607722222224
500624.0,45.68168844444445,-93.13530155555556
500627.0,45.33202277777778,-96.02064444444444
500628.0,45.669229900000005,-94.74242970000002
500629.0,45.64765588888889,-93.67277766666666
500630.0,45.34782233333333,-92.75366722222222
500632.0,44.19503377777778,-95.7925
500633.0,44.302478,-94.20642166666667
500634.0,44.843427909090906,-93.48753854545454
500635.0,44.48378844444446,-92.338244
500638.0,43.951100000000004,-95.68388877777777
500642.0,43.55563411111112,-91.300844
500671.0,46.09579966666667,-92.83998855555556
500695.0,45.24656923076923,-93.35062192307691
500714.0,47.309878,-95.83552277777777
500716.0,47.155899777777776,-93.62475577777776
500717.0,47.64766688888889,-92.3619562222222
500718.0,47.705789,-91.74442288888889
500721.0,46.61970011111111,-95.8898781111111
500722.0,46.35782718181818,-94.29287372727272
500723.0,46.3261778888889,-93.89133266666666
500724.0,46.39608888888889,-92.75062299999999
500727.0,45.9853558888889,-95.23220066666667
500728.0,45.5764564,-94.4348408923077
500729.0,45.197621999999996,-93.74337588888888
500732.0,43.996599777777774,-95.93248755555557
500734.0,44.757899888888886,-93.29374533333333
500735.0,44.83656655555555,-92.90502166666666
500742.0,43.80241066666666,-91.30427811111112
500791.0,44.70112266666668,-93.33890033333334
500795.0,44.8761125,-93.29377362499999
500814.0,47.08236677777778,-95.05565466666665
500816.0,47.38911133333333,-93.48325522222223
500817.0,47.60893322222223,-92.74079977777777
500821.0,46.03723642666667,-95.36761456666665
500822.0,46.376655555555566,-94.18987966666666
500823.0,46.44093322222222,-93.83133355555555
500824.0,46.573502777777776,-92.50776055555555
500827.0,45.705555000000004,-95.63191155555556
500829.0,45.13877788888888,-93.08727766666667
500834.0,44.64777755555556,-93.51741211111111
500835.0,44.32832477,-92.08880673
500838.0,43.60774455555556,-95.59594388888888
500893.0,47.63428866666666,-94.55548855555556
500895.0,44.9703106,-93.69408949999999
500914.0,47.187278777777784,-95.19781055555556
500916.0,47.663155888888895,-93.01344444444445
500917.0,47.3855,-92.9606
500921.0,46.51142255555556,-95.08011122222223
500922.0,46.01287733333333,-94.99457611111113
500923.0,46.080111333333335,-93.10885544444444
500924.0,46.97631066666666,-92.12376655555555
500929.0,45.651722444444445,-93.297944
500932.0,44.75067777777778,-95.31952244444443
500934.0,44.33968866666666,-93.3014558888889
500935.0,44.92875544444444,-92.8143768888889
500991.0,45.35212690909091,-94.16110863636364
500993.0,47.05212244444444,-94.93865644444446
500995.0,44.93424433333333,-92.9972111111111
501021.0,46.27692211111111,-95.58758877777778
501022.0,46.05005111111112,-94.50040855555557
501023.0,46.13119933333334,-93.73792255555556
501029.0,45.618655777777775,-93.49388955555555
501034.0,44.68081155555556,-93.37702177777777
501095.0,44.997567,-93.01314444444444
501122.0,46.95166611111111,-94.35321044444444
501129.0,45.281477666666675,-93.45294533333333
501134.0,44.208755,-93.88055500000002
501195.0,45.02623333333333,-93.02238988888888
501229.0,45.880222777777774,-93.21397900000001
501434.0,44.92371077777778,-93.47053333333332
510103.0,34.44284444444444,-89.45657777777778
510108.0,33.23151111111111,-88.65721111111111
510110.0,32.01983333333333,-90.85663333333333
510111.0,32.43437555555555,-89.0180511111111
510118.0,30.50444444444444,-88.52346666666666
510206.0,32.99119111111111,-90.09534888888889
510210.0,32.37256666666666,-90.44832222222222
510214.0,32.00251,-90.57091777777778
510215.0,31.45877777777778,-89.96687777777778
510216.0,31.511074444444446,-89.02108333333334
510217.0,30.570118888888892,-89.47785000000002
510218.0,30.605555555555554,-88.8764888888889
510303.0,34.505044444444444,-89.37785555555556
510306.0,33.70358888888889,-90.85747777777779
510307.0,33.97457777777779,-89.43602222222222
510310.0,32.46575555555555,-90.85960000000001
510315.0,31.195800000000002,-89.68873333333335
510317.0,30.942911111111112,-89.07261111111112
510407.0,33.28198888888889,-89.58357777777778
510410.0,32.780702222222224,-90.23137111111112
510415.0,31.456124444444445,-89.8916488888889
510417.0,30.61798333333334,-89.38404555555557
510503.0,34.02964444444444,-89.68838888888888
510504.0,34.057811111111114,-88.56766666666664
510507.0,33.159200000000006,-89.01641111111111
510510.0,32.52344444444444,-90.39466666666665
510514.0,31.551233333333332,-90.77010000000001
510517.0,30.75453333333333,-89.18635555555555
510606.0,33.182383333333334,-90.37686635555555
510610.0,32.361111666666666,-90.85091044444444
510615.0,31.084046666666666,-89.00910999999999
510617.0,30.267603333333334,-89.51681888888889
510618.0,30.610922222222218,-88.66063555555556
510718.0,30.65215888888889,-88.98503555555556
519000.0,33.7717875,-90.15055
519001.0,33.7185,-90.93542222222223
519002.0,30.436365555555557,-88.67524888888889
519003.0,34.07571111111112,-90.13477777777777
519004.0,33.08697532222222,-90.97876542222222
519005.0,33.20972323333333,-90.18253644444445
519007.0,33.72720242222223,-90.95655032222221
520102.0,40.479907422222226,-94.26182100000001
520103.0,40.38303777777778,-93.44680111111113
520104.0,40.12390888888889,-92.75253111111111
520105.0,40.011876666666666,-91.95173555555556
520107.0,40.03719136666667,-94.78814814444443
520108.0,39.25416665555555,-94.02126542222223
520109.0,39.5109568,-92.62753087777779
520110.0,39.791049377777775,-91.8975925888889
520112.0,38.943117288888885,-94.2429938111111
520113.0,38.34235222222222,-93.6260688888889
520114.0,38.21436777777777,-92.29595888888889
520115.0,38.640216055555555,-91.14101852222221
520116.0,38.00019222222222,-90.90920444444446
520117.0,37.92182,-94.27526666666667
520118.0,37.751421111111114,-93.82160555555555
520119.0,37.65738666666667,-92.01462555555555
520120.0,36.98838716666666,-91.50849303333331
520121.0,37.78181605,-90.89125153
520122.0,37.46642647777778,-90.02639228888887
520123.0,37.02727555555556,-94.29725777777777
520124.0,37.01130333333334,-93.05498333333331
520125.0,36.812993822222225,-92.30987654444444
520126.0,36.86885805555555,-91.51549383333334
520127.0,36.92987654444445,-90.59916666666668
520128.0,36.84149444444444,-89.93681555555554
520202.0,40.20296294444445,-94.58250000000001
520204.0,40.412815555555554,-92.62443222222221
520207.0,39.464753088888884,-94.45487654444445
520208.0,39.52108023333333,-92.93567902222223
520209.0,39.71746912222223,-92.90330246666666
520210.0,39.39212962222222,-91.7337962888889
520211.0,39.03135555555555,-90.93961111111112
520212.0,38.123667777777776,-94.41141111111112
520213.0,38.81614196666666,-93.81697531111111
520214.0,38.83549381111111,-92.54441357777777
520215.0,38.12173111111111,-91.02663666666666
520216.0,38.91691,-90.92956777777779
520217.0,37.81233777777778,-94.23716222222222
520218.0,37.690866666666665,-93.58592666666667
520219.0,37.704723333333334,-92.19329777777777
520220.0,37.728660000000005,-91.18433888888889
520221.0,37.62677,-90.26904333333333
520225.0,36.83260666666667,-92.66448888888888
520226.0,36.55737656666666,-91.31570987777779
520227.0,36.930956800000004,-90.2110493888889
520302.0,40.307283000000005,-94.90763966666667
520304.0,40.32237036666667,-92.20182716666665
520308.0,39.10570987777778,-93.65027777777777
520310.0,39.25691333333334,-91.02165666666666
520312.0,38.94374222222222,-94.04109999999999
520313.0,38.098027788888885,-93.07610708888889
520314.0,38.95021604444444,-92.71919751111112
520315.0,38.19026405882352,-91.10210400000001
520317.0,37.51479492222223,-94.5523894
520318.0,37.24837879999999,-93.84840614444445
520320.0,37.73983482222222,-91.44922803333333
520321.0,38.02275555555556,-90.70982000000001
520325.0,36.83431755555556,-92.1636308888889
520326.0,36.71845222222222,-91.36555977777776
520416.0,38.19182888888889,-90.60072
520417.0,37.444611111111115,-94.58062222222222
520419.0,37.7929537,-92.49807717777779
520428.0,36.63858555555556,-89.33461444444444
520516.0,38.71808642222222,-90.76172838888888
520527.0,37.04029257777778,-90.35474442222221
520607.0,39.807037022222225,-94.09296297777777
520613.0,38.73194230000001,-93.5470644888889
520614.0,38.86639074444444,-92.31710185555555
520714.0,38.593026111111115,-92.255263
529000.0,40.08320011111111,-95.25237311111111
529002.0,39.26796692,-90.79419594
580005.0,43.1135926,-71.81087406666667
580104.0,43.42891974444445,-72.34169751111112
580106.0,43.06543333333334,-70.82216666666666
580107.0,42.78183333333334,-72.42961665555555
580108.0,42.82657407777777,-71.84658891111111
580203.0,44.380988877777774,-71.44969814444444
580204.0,43.60576666666666,-72.00752222222224
580207.0,42.82759999999999,-72.07345555555555
580208.0,42.88503333333333,-71.54076666666667
580304.0,43.29598733333333,-72.11668666666667
580403.0,44.11621888888889,-71.19197
580505.0,43.33417964444444,-71.07620000000001
580605.0,43.85015555555556,-71.41686666666666
580805.0,43.193844444444444,-71.12480555555555
580905.0,43.15113333333333,-71.2405888888889
590205.0,40.84030666666666,-74.29478555555556
590208.0,39.919598888888885,-74.20027777777779
590305.0,40.06126555555556,-74.36333444444445
590405.0,40.688025555555555,-74.70845777777778
590408.0,39.11117211111111,-74.84966033333333
590505.0,41.036759999999994,-74.4107088888889
590508.0,39.9041463,-74.40784628888888
590602.0,41.000130000000006,-74.917703125
590604.0,40.5915277888889,-75.08475186666668
590605.0,40.30842964444444,-74.09968148888889
590607.0,41.33129666666667,-74.70620444444445
590608.0,39.67018666666667,-74.43614111111111
590702.0,41.27239788888889,-74.78083044444446
590704.0,40.594753222222224,-75.14722222222223
590705.0,40.61094444444445,-74.35137777777777
590707.0,39.68456888888889,-75.33502888888889
590708.0,39.87138777777778,-74.56694444444446
590802.0,41.12111,-74.30583222222222
590805.0,40.70370333333333,-74.40083444444446
590807.0,39.897837857142854,-75.0197366190476
590808.0,39.28436169230769,-75.06758969230769
590902.0,41.0177,-74.17024444444445
590905.0,40.78518555555556,-74.76120444444445
590907.0,39.535053,-75.43740966666667
590908.0,39.45052444444444,-74.76524666666666
591005.0,40.57833333333333,-74.60239999999999
591007.0,39.39215725454546,-75.18978604545454
591008.0,39.30648222222222,-74.77716
591102.0,41.298364444444445,-74.78919777777777
591107.0,39.43123555555556,-75.29527777777777
591205.0,40.950396299999994,-74.87678333333334
591208.0,39.69515644444445,-74.98856788888888
591305.0,40.10145111111111,-74.10546444444444
591308.0,39.227188999999996,-74.6353208888889
591405.0,40.34117444444444,-74.66851888888887
591408.0,39.55370444444444,-75.04666666666667
591505.0,40.62228444444444,-74.69438333333333
591508.0,39.6024549,-74.6277703
591605.0,40.18938111111111,-74.3704
591608.0,40.06712888888889,-74.4204
591705.0,40.92061777777778,-74.57203666666666
591708.0,39.83396273333334,-74.54076493333334
591805.0,40.462623333333326,-74.88179
591808.0,39.95601088888888,-74.57378811111111
591905.0,40.270093333333335,-74.64759222222223
591908.0,39.0259888888889,-74.92500222222222
592005.0,40.87614111111111,-74.67342666666667
592008.0,39.52401333333333,-74.76490666666668
592105.0,40.09408148888889,-74.59249630000001
592108.0,39.772469,-74.36901222222222
592208.0,39.652637000000006,-74.485973
592305.0,40.724846666666664,-74.30926
592308.0,39.47169666666666,-74.8161111111111
592405.0,40.754875555555564,-74.81879777777777
592505.0,40.3921,-74.16648222222223
592705.0,40.297222222222224,-74.07660666666668
592805.0,40.740834444444445,-74.52021666666667
610120.0,42.12799382222222,-73.92919753333334
610122.0,41.217910888888895,-74.1578468888889
610123.0,41.738611122222224,-73.66638888888889
610220.0,42.3229320888889,-73.70740742222223
610222.0,41.402683555555555,-74.40950811111111
610223.0,41.807469133333335,-73.97253084444444
610320.0,42.78620368888889,-73.56731481111112
610322.0,41.47067902222222,-74.46975307777778
610323.0,41.81690089,-73.77516225999999
610419.0,42.718962566666654,-74.0524145888889
610420.0,42.68288444444445,-73.56180644444444
610422.0,41.77835122222222,-74.09934233333333
610520.0,42.81522371818182,-73.48061819090908
610522.0,41.61061728888889,-74.46441356666668
610523.0,41.333818254545456,-73.8804934090909
610619.0,42.34895758888889,-74.23362917777777
610620.0,42.542795444444444,-73.56448833333333
610622.0,41.336468555555555,-74.41782655555556
610623.0,41.40193633333333,-73.65700455555556
610719.0,42.192827019999996,-74.0108875
610720.0,42.26685444444444,-73.61516
610722.0,41.77914688888889,-74.27678833333334
610723.0,41.240518666666674,-73.77290477777777
610820.0,42.38025966666667,-73.87997555555556
610822.0,41.658412999999996,-74.21231333333334
610823.0,41.33690862142856,-73.63165241428571
610920.0,42.111667777777775,-73.63467222222222
610922.0,41.42695390000001,-74.21101482222221
611122.0,41.94317855555555,-74.17470333333333
630101.0,36.04357777777778,-82.00384444444444
630102.0,36.13345681111112,-81.74320987777779
630104.0,36.1801885,-79.17328277
630105.0,36.219729655555554,-78.57381852222223
630106.0,36.03878702222222,-77.64829443333335
630107.0,36.4285926,-76.56566665555557
630108.0,36.314029222222224,-75.81035055555554
630109.0,35.10157,-84.19256222222224
630110.0,35.17505055555554,-83.12291022222222
630111.0,35.37271222222222,-82.92110000000001
630113.0,35.122051777777784,-80.17538377777777
630114.0,35.27601851111111,-79.2611648111111
630115.0,35.11223887777778,-78.22377035555556
630116.0,35.16215555555556,-77.16736666666667
630117.0,35.73540925555555,-76.14688704444444
630118.0,35.819857444444445,-75.83245600000002
630121.0,34.94852477777778,-80.5877
630122.0,34.92088033333333,-79.12552711111111
630124.0,34.50322963333333,-77.98184815555555
630125.0,34.74884516666667,-76.98147095555555
630127.0,33.85915,-77.99113475714285
630203.0,36.325474022222224,-80.62946663333334
630207.0,36.39087622222222,-76.12863433333334
630210.0,35.189021,-82.96297488888888
630211.0,35.2977723,-82.8851333
630212.0,35.47812999999999,-81.68418555555556
630213.0,35.39450837777778,-80.75234842222221
630214.0,35.460934888888886,-79.27104366666667
630215.0,35.20546667777777,-78.18039444444445
630216.0,35.31494443333333,-77.56773704444444
630217.0,35.82880927777778,-76.45982035555555
630224.0,34.624813333333336,-77.59095499999998
630302.0,36.47030996666667,-81.42283170833332
630303.0,36.38653866666667,-80.72923377777778
630307.0,36.46042222222222,-76.87790368888889
630310.0,35.169438777777785,-83.63138244444444
630311.0,35.58775798888889,-82.2946479111111
630313.0,35.51940466666667,-80.50247866666666
630314.0,35.52549097777777,-79.395824
630315.0,35.413201855555556,-78.16389444444444
630316.0,35.26436851111111,-77.01088703333333
630317.0,35.87416666666667,-76.40602221111111
630323.0,34.22937594444444,-78.71776112222221
630324.0,34.735733333333336,-77.16482222222223
630402.0,36.35525055555556,-81.60000233333334
630403.0,36.23861466666667,-80.84333022222222
630407.0,36.48327088888888,-76.26181988888888
630410.0,35.02569666666667,-83.93777333333334
630411.0,35.67471852222222,-82.78982036666667
630412.0,36.05506173333333,-81.19435185555557
630413.0,35.674711111111115,-80.82874444444444
630414.0,35.39959255555556,-79.51074591111112
630415.0,35.76871111111111,-78.26085187777778
630422.0,34.860068644444446,-79.08947023333333
630423.0,34.29797036666667,-78.61878519999999
630503.0,36.19848888888889,-80.13847777777778
630506.0,36.490463577777774,-77.1317969
630507.0,36.24539444444445,-76.47878888888889
630510.0,35.04830246666667,-83.21330245555555
630511.0,35.30330187777778,-82.62088113333333
630513.0,35.57843199999999,-80.66140266666667
630514.0,35.828837022222224,-79.50384967777778
630515.0,35.90490555555556,-78.04631296666668
630516.0,35.97052222222222,-77.26110555555556
630523.0,35.024277777777776,-78.27293890000001
630604.0,36.346719111111106,-79.28544144444446
630605.0,36.03309227777778,-78.70724993333333
630610.0,35.55401233333333,-83.32987654444445
630612.0,35.739138888888895,-81.53833888888887
630614.0,35.177592588888885,-79.7774999888889
630615.0,35.38493388888889,-78.85085255555556
630616.0,35.737354444444435,-77.07050111111113
630704.0,36.208644444444445,-79.00146666666666
630711.0,35.65235555555556,-82.15737777777778
630713.0,36.000485999999995,-80.08509677777778
630714.0,35.57955555555556,-79.11713333333333
630715.0,35.33066155555556,-78.88522411111111
630717.0,35.257901233333335,-76.63271604444445
630724.0,34.18593888888889,-77.85380184444443
630804.0,36.01127273333333,-79.20369362222223
630810.0,35.33555222222222,-83.23005777777779
630813.0,35.40643444444444,-80.37996222222223
630814.0,35.94555926666666,-79.39438333333334
630815.0,35.82497288888889,-78.93976035555556
630816.0,35.508111666666665,-77.23670296666667
630817.0,35.43824007777778,-76.19848967777779
630914.0,35.809672222222225,-79.80694111111112
630916.0,35.20259258888889,-77.30932100000001
630923.0,34.422010888888884,-78.21204877777778
630924.0,34.625430566666665,-77.3323072888889
631004.0,36.15956981111111,-79.24563172222221
631014.0,35.58951111111111,-79.77627333333334
631015.0,35.447178888888885,-78.28589422222223
631016.0,35.652346300000005,-77.98943334444444
631017.0,35.80766111111111,-76.39159777777779
631023.0,34.334955244444444,-79.06582223333334
631024.0,34.665808229999996,-77.44187133
720103.0,41.917135144444444,-80.31642403333335
720106.0,41.73533145555555,-77.38269071111112
720107.0,41.70612441111112,-76.35692405555557
720111.0,40.708873722222215,-79.81640490000001
720114.0,40.74563145555556,-76.76306663333332
720115.0,40.170291111111105,-75.21959666666665
720116.0,40.158251444444446,-74.85110755555554
720118.0,39.933518500000005,-79.42349628888888
720121.0,39.78584444444444,-76.41612222222221
720204.0,41.11344441111111,-79.58690057777778
720206.0,41.14518328888889,-77.18260552222223
720208.0,41.46018513333334,-75.12324070000001
720210.0,40.23816157777778,-80.16451668888888
720211.0,40.1492944,-79.69814995555555
720214.0,40.077185155555554,-77.14666664444445
720215.0,40.466166666666666,-75.25921555555556
720221.0,39.86153327999999,-76.01493329
720307.0,41.14374626666667,-76.86289811111111
720308.0,41.46214813333333,-75.80994445555555
720312.0,40.552348099999996,-79.04201664444444
720313.0,40.87122444444444,-77.60051666666668
720315.0,40.91222218888889,-75.18462960000001
720404.0,41.35881444444444,-79.69857777777777
720408.0,41.882526629999994,-75.90199995
720411.0,40.00175923333333,-78.97638885555556
720413.0,39.980999999999995,-77.1601111111111
720415.0,40.551314777777776,-75.88159256666665
720504.0,42.00609125555556,-79.82481291111111
720506.0,41.834312239999996,-77.93724266000001
720507.0,41.50766664444445,-76.96396478888889
720508.0,41.73605925555555,-75.65205887777778
720511.0,40.26809624444444,-79.64911848888889
720512.0,40.56273222222223,-78.63759999999999
720515.0,40.20578888888889,-75.80342185555554
800102.0,35.04886242222222,-82.3845149888889
800103.0,35.125215588888885,-81.38349423333334
800107.0,34.6075652,-81.54201297777779
800108.0,34.76762345555555,-80.64978395555555
800109.0,34.2976869,-80.05736034444445
800111.0,34.00991222222222,-82.47541777777776
800112.0,33.803985222222224,-81.97713144444445
800113.0,33.711286666666666,-80.69765333333334
800114.0,33.81132715555556,-79.8957716
800115.0,33.959135800000006,-78.83320986666666
800116.0,32.98009258888889,-81.3409259222222
800117.0,32.25349167777778,-80.97840124444444
800118.0,33.01395063333334,-79.74540123333333
800206.0,34.56450051111111,-82.46260892222222
800207.0,34.578341677777786,-81.67669939999999
800208.0,34.16367283333333,-80.7138580111111
800209.0,34.526172833333334,-79.9118827111111
800212.0,33.34956791111111,-81.85490741111113
800213.0,33.289451111111106,-80.66121666666666
800214.0,33.298487655555554,-79.89919754444445
800217.0,32.722962966666664,-81.03700615555555
800306.0,34.526657255555556,-82.18535665555554
800307.0,34.50495155555555,-81.76943913333334
800308.0,34.49759258888889,-80.1937963
800309.0,33.96552468888889,-79.83425925555555
800312.0,33.645339500000006,-81.64101850000002
800313.0,33.491721111111104,-80.58501666666668
800314.0,33.193487644444446,-79.74351852222222
800317.0,32.84067903333334,-80.57141976666668
800406.0,34.399372344444444,-82.14776172222221
800407.0,34.39515646666666,-81.39274424444446
800408.0,34.67419752222222,-80.05817903333333
800409.0,34.15441358888889,-79.13376541111111
800412.0,34.03832777777777,-81.89236633333333
800413.0,33.94873456666667,-80.40580247777778
800414.0,33.95135801111111,-79.24518518888888
800417.0,32.98419753333334,-80.37108025555555
800506.0,34.85432543333334,-82.11162903333334
800507.0,34.62898528888889,-81.4913422
800512.0,33.65438272222222,-81.44737654444444
800513.0,33.16663582222222,-80.08848764444446
800514.0,33.402792222222224,-79.62682777777778
809001.0,32.67283952222222,-80.38941356666666
809002.0,32.173899999999996,-81.10513333333334
820104.0,36.06862111111111,-86.98548777777779
820111.0,35.078596222222224,-89.02611877777778
820112.0,35.52261877777778,-88.20479411111111
820114.0,35.374166655555555,-85.9831790111111
820201.0,36.13459666666667,-89.1715188888889
820204.0,36.536936999999995,-86.99771133333333
820206.0,36.028605,-84.87025922222222
820211.0,35.71480666666667,-89.19140888888889
820213.0,35.890582222222214,-87.80172999999999
820214.0,35.05474188888889,-86.78842222222221
820215.0,35.13524888888888,-85.71902666666666
820216.0,35.44813,-85.00187777777779
820302.0,36.32255444444445,-88.42784333333333
820308.0,36.174993888888885,-82.92207400000001
820311.0,35.137202222222214,-88.99073444444446
820312.0,35.470726666666664,-88.55942444444445
820313.0,36.060412222222226,-87.90728999999997
820315.0,35.02607163333333,-85.14929693333332
820316.0,35.54057122222222,-84.15770688888887
820317.0,35.863331477777784,-83.03121296666667
820403.0,36.53986777777778,-87.16740222222222
820411.0,35.123215555555554,-89.1968688888889
820413.0,35.78097484545455,-87.02728515454545
820417.0,35.58422222222222,-83.83111111111111
820511.0,35.02432111111111,-89.29649222222221
820513.0,35.515890722222224,-87.21535926666667
820514.0,35.238477788888886,-86.36073701111111
820515.0,35.66339366666667,-85.79968566666668
820517.0,35.71256777777778,-83.82220888888888
820912.0,35.37664444444445,-90.04445
820920.0,36.44072222222222,-89.32676666666669
830157.0,30.147098755555557,-98.0982098888889
830171.0,29.094288111111105,-95.43916700000001
830172.0,29.39514444444444,-94.97168888888889
830271.0,29.337055555555555,-95.23261111111111
830272.0,29.602488888888885,-94.38422222222222
830320.0,33.61816666666667,-98.71553333333333
830420.0,33.933611111111105,-98.96019999999999
830520.0,34.09103333333334,-98.79925555555556
830583.0,28.044088888888894,-97.20483333333333
839001.0,28.262746922222227,-96.85385801111111
870104.0,44.237347555555544,-73.03357288888888
870105.0,44.67619777777779,-72.98814933333334
870107.0,42.94815555555555,-73.1627
870205.0,44.19906377777777,-72.56763233333334
870206.0,44.412338444444444,-71.81733633333334
870207.0,43.60239111111111,-73.03333444444444
870208.0,43.44974688888888,-72.96553044444444
870304.0,44.74939777777778,-73.15372266666667
870305.0,44.420639111111115,-72.46910777777778
870308.0,43.06646055555556,-72.52726166666667
870407.0,43.724318555555556,-73.22842055555556
870408.0,44.02829111111111,-72.26588899999999
870504.0,44.62182644444445,-73.25731555555555
870505.0,44.181727333333335,-72.15539066666666
880104.0,38.73698888888888,-78.04584444444444
880105.0,38.31662222222222,-77.40035555555556
880110.0,37.22087222222222,-80.29403555555555
880111.0,37.17854938888889,-79.34737653333335
880113.0,37.52809555555555,-77.77726
880204.0,38.67733333333334,-78.47057777777778
880213.0,37.749812500000004,-77.02735
880214.0,37.326956666666675,-76.74999777777776
880218.0,36.684377444444436,-81.55677577777777
880304.0,38.93200617777778,-78.52641976666666
880313.0,37.62939244444444,-77.43637955555556
880315.0,37.251556666666666,-75.93574111111111
880319.0,36.90895999999999,-80.43951111111113
880322.0,36.80695555555556,-76.91357777777777
880404.0,38.70332333333333,-78.56481444444444
880405.0,39.02117,-77.87372555555555
880411.0,38.09089507777778,-79.45709877777777
880413.0,37.6475,-77.60382666666666
880414.0,37.921788888888884,-76.47683888888889
880417.0,36.965648155555556,-82.00197531111112
880504.0,38.28703333333333,-78.9222
880505.0,38.25011333333333,-77.24587777777779
880511.0,37.74058642222223,-79.80685184444445
880512.0,37.78538888888889,-78.80133333333333
880513.0,37.45044444444444,-77.26971111111112
880514.0,37.699217777777775,-76.36911444444445
880520.0,36.71570181818182,-79.48371727272728
881101.0,39.29771111111111,-78.19465777777776
881113.0,37.05885803333333,-77.70876544444445
881118.0,36.64807444444445,-81.31829333333334
881119.0,36.701996666666666,-80.73392222222223
881122.0,36.60787037777778,-77.64441357777778
881123.0,36.7127994,-76.9360277888889
881212.0,37.93780862222222,-78.04287036666668
881310.0,37.43601123333333,-80.2720609888889
881314.0,37.46975308888889,-76.56746913333333
881404.0,38.825070888888895,-78.11896588888888
881405.0,38.30698888888888,-77.86035555555556
881504.0,38.440630388888884,-78.29449444444445
881513.0,37.363995555555555,-77.42624444444445
881604.0,38.253988888888884,-78.59797777777777
881614.0,37.22151234444444,-76.50777776666668
881713.0,37.46848765555555,-77.26191358888887
881805.0,38.031759266666676,-77.31074073333333
881905.0,38.45641975555555,-77.75432098888888
900105.0,39.49659344444444,-79.77243133333332
900106.0,39.471030111111105,-78.75180966666667
900107.0,39.40890311111111,-77.85008111111111
900109.0,38.637158888888884,-81.93876333333333
900110.0,38.83889677777778,-80.76592155555556
900111.0,38.923981500000004,-79.30512344444443
900113.0,37.883209855555556,-82.18854937777778
900114.0,37.936100555555555,-81.76940622222222
900115.0,37.903206222222224,-81.05209944444444
900203.0,39.28589766666667,-81.37125777777779
900204.0,39.512599333333334,-80.25142766666667
900205.0,39.160532999999994,-79.42341544444444
900206.0,39.417266777777776,-78.5905118888889
900208.0,38.262319777777776,-82.2027978888889
900209.0,38.617272333333325,-81.72132477777778
900210.0,38.80469134444444,-80.86604938888888
900211.0,38.82135802222222,-79.19746913333333
900214.0,37.933854999999994,-81.41377022222223
900215.0,37.91444622222222,-80.19358266666666
900303.0,39.36591852222222,-81.48656482222222
900304.0,39.16035177777778,-80.51001055555555
900305.0,38.97562500000001,-79.37885555555556
900306.0,39.275746911111106,-78.97475
900308.0,38.250166444444446,-82.4439451111111
900309.0,38.25621133333333,-81.3281897777778
900310.0,38.74114255555555,-80.05425566666668
900311.0,38.55616577777778,-79.29479511111111
900314.0,37.548183,-81.67380399999999
900315.0,37.493968111111116,-80.77589144444443
900405.0,39.07747722222223,-79.47246722222222
900406.0,39.40751322222222,-78.05498888888889
900410.0,38.480825555555555,-80.67097333333334
900411.0,38.24194443333333,-79.92416666666665
900414.0,37.393481888888886,-81.31392422222221
900506.0,38.990771622222226,-78.93225307777779
900509.0,38.05826066666667,-81.16496866666667
900510.0,38.37096816666667,-80.45127573333333
900511.0,38.162245,-80.0562908888889
900606.0,39.249858111111116,-78.98738011111112
